FULL NAME,TEAM,POS,AGE,GP,MPG,MIN%,USG%,TO%,FTA,FT%,2PA,2P%,3PA,3P%,eFG%,TS%,PPG,RPG,TRB%,APG,AST%,SPG,BPG,TOPG,VI,ORTG,DRTG
Pat Connaughton,Mil,G,28.54,23,23.7,49.4,10.7,8.8,13,0.846,24,0.75,95,0.389,0.618,0.633,6.9,4.4,9.9,0.9,4.8,0.43,0.26,0.52,5.1,129,107.6
Bryn Forbes,Mil,G,28,20,13.7,28.5,19.2,5.7,8,0.75,23,0.565,89,0.371,0.558,0.567,6.6,1.4,5.3,0.3,3.1,0.1,0.1,0.35,4.1,110.1,110.5
Jrue Holiday,Mil,G,31.11,23,39.6,82.6,22.1,11.9,56,0.714,247,0.466,142,0.303,0.461,0.482,17.3,5.7,7.8,8.7,31.4,1.65,0.43,2.43,9.6,108.9,108.4
Brook Lopez,Mil,C,33.3,23,29,60.4,16.8,9.6,43,0.86,145,0.662,72,0.319,0.601,0.632,13,5.9,10.9,0.3,1.3,0.74,1.48,1.09,3.9,122.1,106.8
Khris Middleton,Mil,F,29.94,23,40.1,83.5,26.4,13,97,0.887,277,0.498,175,0.343,0.504,0.548,23.6,7.6,10.1,5.1,19.6,1.52,0.17,3.22,9.7,107.8,106.3
P.J. Tucker,Mil,F,36.21,23,29.6,61.7,6.9,9.1,4,0.75,39,0.487,59,0.322,0.485,0.491,4.3,4.8,8.7,1.1,4.5,0.96,0.13,0.43,3.8,119.6,103
Nicolas Batum,Lac,G-F,32.6,19,29.2,60.8,10.5,4.8,23,0.826,37,0.676,72,0.389,0.615,0.642,8.1,5.5,11,2.1,9.8,1.26,0.53,0.32,6.2,140.3,109
Paul George,Lac,F,31.22,19,40.9,85.1,30.5,13.2,154,0.844,222,0.514,152,0.336,0.509,0.578,26.9,9.6,13.6,5.4,21.8,1,0.47,3.53,10.9,112.6,105.4
Reggie Jackson,Lac,G,31.26,19,32.7,68.2,22.3,9.4,41,0.878,110,0.582,142,0.408,0.599,0.626,17.8,3.2,5.6,3.4,16.9,0.95,0.16,1.47,7.1,122.3,108.2
Terance Mann,Lac,G-F,24.75,19,19.9,41.4,14.8,3.3,28,0.714,67,0.567,37,0.432,0.596,0.619,7.6,2.7,8,0.7,5.5,0.53,0.26,0.21,4.9,131.5,104.8
Marcus Morris Sr.,Lac,F,31.88,19,31.8,66.2,17,3.2,32,0.75,104,0.481,96,0.375,0.52,0.542,12.2,4.3,7.8,1.5,6.9,0.53,0.53,0.37,5.4,115.7,108
Deandre Ayton,Pho,C,23,22,36.4,75.8,16.3,9.8,53,0.736,234,0.658,0,0,0.658,0.674,15.8,11.8,18.1,1.1,4.7,0.82,1.09,1.27,6.5,131,103.7
Devin Booker,Pho,G,24.72,22,40.4,84.1,31.8,12.9,147,0.905,337,0.499,137,0.321,0.494,0.558,27.3,5.6,7.8,4.5,18.3,0.82,0.18,3.64,8.7,105.3,106.5
Mikal Bridges,Pho,F,24.89,22,32.1,66.9,14.2,7.8,28,0.893,95,0.6,95,0.368,0.576,0.603,11.1,4.3,7.4,1.6,7.1,1,0.68,0.77,5.3,120.2,109.4
Torrey Craig,Pho,F,30.59,22,12.1,25.2,15.6,11,13,0.615,38,0.447,37,0.405,0.527,0.539,4,2.9,13.2,0.4,4.6,0.05,0.36,0.45,5.5,109.5,101.8
Jae Crowder,Pho,F,31.04,22,33.2,69.1,13.7,8.7,35,0.886,42,0.524,142,0.38,0.56,0.594,10.8,6.1,10.2,1.9,7.5,0.86,0.82,0.86,6,117,104
Cameron Payne,Pho,G,26.95,22,19,39.6,24.6,10.7,18,0.889,124,0.46,69,0.362,0.49,0.51,9.3,2.5,7.3,3.2,25.5,0.77,0.5,1.09,8.9,105.7,104.4
Bogdan Bogdanovic,Atl,G,28.92,18,33.2,69.2,21,9.5,17,0.706,106,0.472,143,0.329,0.484,0.493,14.1,4.2,6.8,2.9,13.4,1.61,0.28,1.5,6.7,100.7,106.6
Clint Capela,Atl,C,27.18,18,31.6,65.8,13.3,10.5,39,0.436,136,0.603,0,0,0.603,0.591,10.1,11.2,19.3,0.9,4.5,0.67,1.06,1,5.9,122.4,104.7
John Collins,Atl,F-C,23.83,18,32,66.7,17,10.4,36,0.833,126,0.635,56,0.357,0.604,0.632,13.9,8.7,14.9,0.9,4.4,0.44,0.61,1.28,6,121.3,103.8
Danilo Gallinari,Atl,F,32.95,18,24.6,51.2,21.2,7.1,52,0.942,90,0.444,84,0.405,0.523,0.587,12.8,3.9,8.6,0.8,4.9,0.33,0.17,0.83,5.6,116.4,105.6
Kevin Huerter,Atl,G-F,22.9,18,31,64.6,16.4,9.2,17,0.706,85,0.518,95,0.347,0.519,0.531,11.1,3.8,6.7,2.8,13.6,0.78,0.89,1.06,6.3,110.1,107.7
Onyeka Okongwu,Atl,F-C,20.61,18,9.2,19.2,11.8,9,21,0.667,30,0.567,1,0,0.548,0.596,2.7,2.7,15.8,0.1,1.7,0.28,0.72,0.22,3.9,131.1,96.7
Lou Williams,Atl,G,34.73,18,15.4,32,23,15.3,27,0.963,80,0.463,30,0.433,0.514,0.57,7.7,1.4,5.1,2.2,22.3,0.67,0.06,1.22,7.5,109.5,110.4
Cameron Johnson,Pho,F,25.38,21,21.1,43.9,14.3,10.8,32,0.906,36,0.611,74,0.446,0.65,0.693,8.2,3.1,8.3,0.8,5,0.9,0.19,0.71,5.2,129.5,107.8
Giannis Antetokounmpo,Mil,F,26.62,21,38.1,79.3,31.8,10.8,206,0.587,369,0.642,70,0.186,0.584,0.599,30.2,12.8,18,5.1,24.3,1,1.19,3.05,13.2,117.9,103.1
Ivica Zubac,Lac,C,24.34,17,17.7,36.9,14.6,16.9,49,0.796,57,0.596,0,0,0.596,0.681,6.3,5.8,19,0.4,3.3,0.12,0.71,0.94,5.5,135.4,103.4
Patrick Beverley,Lac,G,33.02,17,19,39.6,11.3,5.1,14,0.857,31,0.516,37,0.351,0.522,0.56,4.9,2.4,7.3,1.4,10.3,0.71,0.71,0.24,5.4,127.5,104
Chris Paul,Pho,G,36.21,20,34.2,71.2,24.8,11.6,65,0.877,235,0.511,65,0.446,0.545,0.584,19.2,3.5,5.7,8.6,39.5,1.15,0.15,2.15,9.7,121.8,108.3
Bobby Portis,Mil,F,26.44,20,18.3,38.1,20,5.3,25,0.72,99,0.525,52,0.346,0.523,0.543,8.8,5,14.7,0.6,4.8,0.7,0.35,0.45,6.5,116.5,103.4
Trae Young,Atl,G,22.84,16,37.7,78.6,35.4,13.3,134,0.866,215,0.488,144,0.313,0.481,0.551,28.8,2.8,4.1,9.5,44.8,1.25,0,4,9.7,112.7,111.6
Luke Kennard,Lac,G,25.07,15,14.6,30.5,14.6,4.4,2,0.5,14,0.714,51,0.412,0.638,0.638,5.6,0.9,3.7,0.5,4.7,0.13,0,0.2,3.7,126.7,112
Solomon Hill,Atl,F,30.34,14,10.4,21.6,8.2,3.7,4,0.5,6,0.5,18,0.167,0.313,0.33,1.2,1.4,7.1,0.2,2.7,0.14,0.07,0.07,2.7,81.7,104.3
Dario Saric,Pho,F-C,27.29,14,10.5,21.8,17.8,10.5,14,0.929,27,0.481,18,0.444,0.556,0.616,4.5,2.5,13.3,1,13.4,0.14,0.07,0.43,8.5,126.5,98.8
Rajon Rondo,Lac,G,35.41,13,16.9,35.3,15.3,19.4,12,0.667,25,0.28,28,0.393,0.443,0.472,4.2,2.6,8.9,3.8,31,0.38,0.23,1.08,8.2,109.6,106.9
Thanasis Antetokounmpo,Mil,F,29.01,13,3.5,7.2,12.1,23.7,6,0.833,7,0.286,0,0,0.286,0.467,0.7,0.8,11.9,0.2,8.1,0.38,0.15,0.23,5.5,,
Jeff Teague,Mil,G,33.11,16,7.5,15.5,15,14.3,11,0.818,20,0.2,11,0.455,0.371,0.446,2,0.5,3.6,0.8,13.7,0.19,0,0.38,5,97.7,108.6
Bruce Brown,Bro,G-F,24.93,12,23.1,48.1,15.9,11.3,16,0.813,68,0.559,11,0.182,0.519,0.552,7.9,5.1,12.1,2.1,13,0.67,0.42,0.92,7.6,120,104.6
Nicolas Claxton,Bro,F-C,22.26,12,10.8,22.5,12,11.7,3,0.667,29,0.483,0,0,0.483,0.495,2.5,2.8,14.1,0.6,7.4,0.33,1.08,0.33,6,116.6,99.2
Seth Curry,Phi,G,30.91,12,31.8,66.2,18.7,6,19,0.789,66,0.667,81,0.506,0.718,0.727,18.8,2.3,4,2.3,11.1,0.75,0.25,0.83,5.8,138.6,105.4
Kevin Durant,Bro,F,32.81,12,40.4,84.2,34.5,11.4,101,0.871,200,0.56,82,0.402,0.573,0.63,34.3,9.3,12.7,4.4,20.2,1.5,1.58,3.5,11.1,116.6,106.9
Blake Griffin,Bro,F,32.35,12,26.5,55.1,12.9,5.5,14,0.714,43,0.651,36,0.389,0.62,0.634,9,5.8,12.2,1.8,9.3,0.83,0.5,0.42,6.9,134.2,101.8
Joe Harris,Bro,G-F,29.87,12,36.2,75.4,14,6.7,4,0.75,41,0.39,82,0.402,0.533,0.537,11.2,3.6,5.5,1.6,6,0.33,0.17,0.75,4.4,107.5,110.9
Tobias Harris,Phi,F,29.01,12,36.5,76,24.6,7.2,40,0.875,172,0.517,43,0.372,0.526,0.561,21.8,8.5,12.8,3.5,14.9,1,0.42,1.5,9.5,114,103.4
George Hill,Phi,G,35.21,12,17.1,35.6,12.3,17,13,0.769,24,0.458,19,0.421,0.535,0.575,4.7,1.3,4.3,1.5,11.1,0.67,0.25,0.83,4.9,111.3,104.6
Dwight Howard,Phi,C-F,35.62,12,12.4,25.9,17.2,20.1,40,0.6,29,0.552,1,0,0.533,0.588,4.7,6.3,27.6,0.7,6.9,0.17,0.5,1,8.9,118.5,85.9
Furkan Korkmaz,Phi,G-F,23.99,12,16.2,33.8,18.6,5.9,14,0.714,29,0.552,44,0.318,0.507,0.531,7,2,6.8,0.6,4.9,0.58,0.25,0.42,5,107.6,107.8
Tyrese Maxey,Phi,G,20.71,12,13,27.2,22.2,6.2,22,0.636,54,0.463,12,0.333,0.47,0.502,6.3,1.8,7.7,1.3,14.6,0.25,0.5,0.42,7.5,106.3,102
Shake Milton,Phi,G-F,24.81,12,10.1,21,23,17,15,0.933,28,0.25,19,0.421,0.404,0.485,4.3,0.8,4.1,0.8,9.8,0.25,0.08,0.92,5.5,90.1,98.4
Landry Shamet,Bro,G,24.36,12,17.2,35.8,10.8,12.2,5,0.8,14,0.571,27,0.37,0.561,0.579,4.2,1.8,5.6,0.6,4.5,0.42,0.08,0.5,3.8,108.9,108.5
Ben Simmons,Phi,G-F,25,12,33.5,69.8,16.5,17.5,73,0.342,94,0.628,1,0,0.621,0.562,11.9,7.9,13,8.8,35.7,1.25,0.83,2.25,11.2,121.5,100.4
Matisse Thybulle,Phi,G-F,24.38,12,18.3,38.1,11,3.6,5,0.4,18,0.778,34,0.324,0.587,0.581,5.3,1.4,4.2,0.3,1.8,1.33,0.92,0.17,2.9,117.1,97.5
Bojan Bogdanovic,Uta,F,32.26,11,35.5,73.9,20.2,13.5,41,0.878,60,0.483,76,0.461,0.599,0.646,18.1,4.3,7,1.5,6.2,0.91,0,2.18,5.5,117.2,106.9
Jordan Clarkson,Uta,G,29.12,11,27.1,56.4,29.7,11.5,26,0.962,68,0.485,97,0.351,0.509,0.547,17.5,3.1,6.6,1.5,9.5,0.64,0.27,2.09,6.4,103.9,109.4
Derrick Favors,Uta,F,30.02,11,13.1,27.4,10.1,18.2,9,0.556,23,0.696,0,0,0.696,0.686,3.4,4.2,18.5,0.3,2.9,0.18,0.91,0.55,5,133.9,94.2
Rudy Gobert,Uta,C,29.07,11,34.2,71.3,15,13.4,66,0.636,80,0.75,1,0,0.741,0.736,14.7,12.3,20.9,0.8,3.6,0.55,2.09,1.55,6.1,140.2,98
Joe Ingles,Uta,F-G,33.8,11,27.8,58,13.6,9.6,13,0.769,21,0.714,58,0.414,0.646,0.661,10.2,3.1,6.5,3.5,17.7,0.64,0,0.82,6.9,135.9,107.8
Kawhi Leonard,Lac,F,30.06,11,39.2,81.7,29.1,8.9,75,0.88,152,0.645,61,0.393,0.629,0.679,30.4,7.7,11.4,4.4,20.9,2.09,0.82,2.18,10.3,133.1,106.2
Georges Niang,Uta,F,28.09,11,11.7,24.4,16.8,16.4,4,1,9,0.222,30,0.3,0.397,0.429,3.2,1.7,8.6,0.7,8.4,0,0.09,0.73,5.3,86.4,99.4
Royce O'Neale,Uta,F,28.13,11,36.7,76.5,10.8,8.1,12,0.833,25,0.6,60,0.467,0.671,0.687,11.3,7.3,11.5,2.1,7.9,1.09,0.27,0.73,6.1,140.5,101.8
Joel Embiid,Phi,C-F,27.35,11,32.4,67.6,34.6,14.6,109,0.835,156,0.545,41,0.39,0.553,0.631,28.1,10.5,17.8,3.4,17.2,1,1.45,3.82,12.4,115.7,98.4
Elijah Bryant,Mil,G,20,11,4.5,9.4,19,9.1,0,0,12,0.583,8,0,0.35,0.35,1.3,1.1,13,0.4,11.1,0.18,0.09,0.18,7.4,81.6,109.8
Facundo Campazzo,Den,G,30.33,10,27,56.3,15.7,15.4,19,0.842,26,0.385,48,0.396,0.52,0.565,9.3,3,6.3,4.1,20.2,1.4,0.4,1.5,7.2,117.1,102.7
Aaron Gordon,Den,F,25.84,10,29.9,62.2,18.1,11.3,25,0.64,76,0.447,23,0.391,0.48,0.505,11.1,5.4,10.2,2,9.4,0.5,0.3,1.4,6.6,106.6,110.6
JaMychal Green,Den,F-C,31.08,10,19,39.5,11.9,5.8,9,0.889,25,0.56,20,0.3,0.511,0.551,5.4,5.2,15.5,1.1,7.7,0.2,0.2,0.3,6.6,128.9,110.6
Nikola Jokic,Den,C,26.42,10,34.5,72,34.8,8.7,55,0.836,175,0.549,53,0.377,0.553,0.591,29.8,11.6,19,5,27.7,0.6,0.9,2.4,13.9,121.3,108.5
Donovan Mitchell,Uta,G,24.87,10,34.6,72,38,9.4,76,0.829,120,0.458,115,0.435,0.553,0.602,32.3,4.2,7.1,5.5,30.4,1.1,0.2,2.8,10.5,120.3,107.6
Monte Morris,Den,G,26.07,10,28.7,59.7,20.6,5.2,29,0.724,76,0.447,40,0.4,0.5,0.532,13.7,2.4,4.7,5.5,28,1,0.2,0.7,7.9,123.4,114.7
Michael Porter Jr.,Den,F,23.06,10,33.2,69.2,21,10,21,0.81,62,0.565,73,0.397,0.581,0.603,17.4,6.2,10.5,1.3,5.9,1.1,0.3,1.6,6.3,114,106.5
Austin Rivers,Den,G,28.97,10,30.5,63.5,12.1,10.6,16,0.813,23,0.478,46,0.413,0.572,0.605,9.2,1.7,3.1,2.1,9,0.2,0.3,0.9,4.2,119.4,109.6
Amir Coffey,Lac,G-F,24.09,10,1.6,3.4,15.6,18.4,1,0,3,0.667,1,1,0.875,0.788,0.7,0.2,7.1,0.1,9.8,0.1,0,0.1,6,,
Shaquille Harrison,Den,G,27.79,9,4.5,9.3,11.2,48.4,3,0.667,3,0.667,1,1,0.875,0.846,1,0.9,11.3,0.3,9.5,0.33,0.33,0.56,5.7,88.1,104.3
Markus Howard,Den,G,22.38,9,12.4,25.9,14.7,0,2,0.5,11,0.364,26,0.423,0.554,0.554,4.7,0.8,3.5,0.4,4.9,0,0.11,0,3.7,118.9,111.8
Kyrie Irving,Bro,G,29.33,9,36.1,75.3,26,5.9,28,0.929,98,0.541,65,0.369,0.546,0.582,22.7,5.8,8.8,3.4,15.8,1,0.56,1.22,8.5,119.4,110.9
Mike James,Bro,G,30.93,9,11.4,23.8,20.3,6.5,0,0,27,0.333,16,0.313,0.384,0.384,3.7,1.8,8.6,1.3,16.6,0.22,0,0.33,7.2,90,111.1
Paul Millsap,Den,F,36.44,9,12.1,25.3,25.4,12.6,13,0.615,27,0.593,23,0.261,0.5,0.52,6.4,3.9,18.1,1.7,20.9,0.33,0.67,0.89,11.5,109.1,100.4
James Harden,Bro,G,31.9,9,35.7,74.5,22.8,16.1,62,0.903,42,0.643,66,0.364,0.583,0.673,20.2,6.3,9.8,8.6,35.1,1.67,0.78,2.89,11.5,132.9,107.4
Tony Snell,Atl,G,29.69,9,7.3,15.2,13.5,20,0,0,5,0.2,11,0.091,0.156,0.156,0.6,0.6,4.1,0.2,3.9,0.22,0.11,0.44,2.3,33.7,109.4
Yogi Ferrell,Lac,G,28.2,9,1.6,3.4,16.1,0,0,0,4,0.5,1,0,0.4,0.4,0.4,0.3,12,0.3,30.6,0,0,0,8.3,,
Frank Kaminsky,Pho,F-C,28.3,10,6.8,14.1,17.9,15.1,1,1,17,0.529,5,0.2,0.477,0.49,2.2,1.4,11.5,1.4,29.4,0.2,0.3,0.4,9.6,108.2,98.7
Danny Green,Phi,G,34.08,8,24.8,51.7,11.5,9.4,0,0,11,0.636,37,0.378,0.583,0.583,7,2.6,5.8,2.6,13.6,1.13,1,0.63,5.8,126.3,106.3
Tyler Johnson,Bro,G,29.2,8,8.7,18,12.4,5.3,2,1,6,0.5,11,0.273,0.441,0.475,2.1,0.8,4.8,0.6,9.6,0.25,0,0.13,4.6,110.5,104.9
Miye Oni,Uta,G-F,23.96,8,5.2,10.8,5.4,0,0,0,0,0,5,0,0,0,0,0.4,4.2,0,0,0.13,0,0,0,48.9,96.3
Daniel Oturu,Lac,C,21.83,8,1.9,4,18,0,2,0.5,4,0.5,1,0,0.4,0.425,0.6,0.5,15.2,0,0,0,0.13,0,0,,
Sam Merrill,Mil,G,25.18,8,3.7,7.7,11.6,12.5,0,0,2,0.5,5,0.2,0.357,0.357,0.6,0.6,9.1,0.1,4.2,0.5,0,0.13,3.6,,
Jalen Brunson,Dal,G,24.89,7,16.3,33.9,21.4,7.4,13,0.769,31,0.452,13,0.462,0.523,0.563,8,2.6,9.2,1.4,13.7,0,0,0.57,7.5,119.2,114.4
Luka Doncic,Dal,F-G,22.39,7,40.2,83.7,40.4,12.8,51,0.529,120,0.542,76,0.408,0.569,0.572,35.7,7.9,11.4,10.3,54,1.29,0.43,4.57,14.2,112.8,109.2
Dorian Finney-Smith,Dal,F,28.21,7,38.7,80.5,13.1,15.3,5,0.8,27,0.37,37,0.432,0.531,0.544,10.3,6.6,9.9,2.1,7.7,1.14,0.29,1.71,5.4,110.3,108.7
Tim Hardaway Jr.,Dal,G-F,29.35,7,37.4,77.9,19.8,5.3,16,0.75,44,0.432,57,0.404,0.53,0.551,17,3.3,5.1,1.4,5.8,0.43,0,0.86,4.6,111.5,113.3
Maxi Kleber,Dal,F,29.47,7,26.8,55.7,8.3,2.9,7,0.714,10,0.4,20,0.4,0.533,0.559,5.3,3.6,7.8,1.4,7.1,0.43,0,0.14,4.5,129.2,107.7
Timothe Luwawu-Cabarrot,Bro,G-F,26.2,7,3.5,7.3,20.4,9.1,0,0,4,0.25,6,0.333,0.4,0.4,1.1,0.4,6.8,0.3,11.4,0,0,0.14,5.8,,
Kristaps Porzingis,Dal,F-C,25.97,7,33.3,69.4,16.2,3.6,19,0.842,45,0.578,27,0.296,0.528,0.572,13.1,5.4,9.5,1.3,5.8,1.29,0.71,0.43,5.4,121.6,107.7
Dwight Powell,Dal,F-C,30,7,7.5,15.5,10.1,8.6,6,0.833,8,0.875,0,0,0.875,0.893,2.7,1.9,14.5,0.9,16.9,0.29,0,0.14,8.9,182.4,98.9
Josh Richardson,Dal,G,27.85,7,13.4,27.9,18.3,15.8,9,1,18,0.444,10,0.3,0.446,0.532,4.9,1.6,6.8,0.7,7.6,0.29,0,0.86,5.3,102.1,109.8
Jevon Carter,Pho,G,25.85,7,3.1,6.5,18.5,0,2,0,6,0.5,2,0,0.375,0.338,0.9,0.3,5.1,0.6,25.5,0,0,0,7,,
Mamadi Diakite,Mil,F,24.5,7,5,10.4,14.6,8.4,2,1,8,0.125,2,0.5,0.25,0.322,1,1,10.7,0,0,0.43,0.14,0.14,0,71.3,88.2
E'Twaun Moore,Pho,G,32.4,7,6.6,13.8,20.7,14.3,0,0,13,0.538,5,0.2,0.472,0.472,2.4,1.4,12,1.3,28.6,0.14,0,0.43,9.9,98.8,106.1
DeMarcus Cousins,Lac,C,30.94,7,8.3,17.3,42.5,9.4,14,0.786,32,0.469,10,0.4,0.5,0.55,7.6,2,13.9,0.7,17.6,0.29,0.43,0.71,10.6,110.3,89.9
Skylar Mays,Atl,G,23.87,7,2.4,5.1,15.5,16.7,0,0,5,0.8,0,0,0.8,0.8,1.1,0.3,6.4,0.1,10.1,0.29,0,0.14,5.3,,
Carmelo Anthony,Por,F,37.14,6,23.9,49.8,22.6,9.7,11,0.909,23,0.478,37,0.378,0.533,0.571,12.3,3.2,7.7,1.5,9.4,0.33,0.17,1.17,6.5,112.1,110
Alex Caruso,Lal,G,27.39,6,20.1,41.9,17,15.3,2,1,21,0.429,17,0.294,0.434,0.45,5.8,1.3,3.7,0.5,4.2,0.17,0.67,1.17,3.1,82.3,103.7
Willie Cauley-Stein,Dal,C,27.92,6,10.5,21.8,9.6,22.5,3,1,9,0.667,0,0,0.667,0.727,2.5,2.7,14.8,0.5,6.6,0.33,0.67,0.5,5.7,126.8,100.6
Chris Chiozza,Bro,G,25.66,6,3.2,6.6,19.2,12.5,0,0,4,0.25,3,0.333,0.357,0.357,0.8,0.2,2.9,0.2,7.2,0.17,0,0.17,4,,
Mike Conley,Uta,G,33.78,6,29.3,61,22.5,15.7,16,1,31,0.355,37,0.486,0.559,0.613,15.3,3.5,7,7.7,39.5,0.17,0.5,2.33,10.2,128.8,106.5
Robert Covington,Por,F,30.6,6,38.1,79.3,9.6,16.5,10,0.9,14,0.5,22,0.5,0.653,0.693,9.3,7.8,11.9,1.2,4,1.5,1,1.33,4.7,127.8,108.9
LeBron James,Lal,F,36.55,6,37.3,77.6,29.8,16.8,23,0.609,66,0.545,48,0.375,0.553,0.564,23.3,7.2,10.9,8,45.3,1.5,0.33,4.17,11.8,108.1,106.3
Kyle Kuzma,Lal,F,25.99,6,21.6,44.9,20,10.4,9,0.667,25,0.4,23,0.174,0.333,0.366,6.3,3.8,10,1.2,8.9,0.33,0.17,1,5.7,79.4,104.9
Damian Lillard,Por,G,31.02,6,41.3,86.1,30.7,7.7,50,0.94,56,0.482,78,0.449,0.593,0.66,34.3,4.3,6.1,10.2,41.3,1,0.67,2.17,11.1,140.4,117.5
Wesley Matthews,Lal,G,34.77,6,18.4,38.3,14.4,0,6,1,8,0.375,25,0.28,0.409,0.463,5.5,1.7,5.1,0.3,2.9,0.33,0,0,3.1,108.7,101.2
CJ McCollum,Por,G,29.84,6,39.9,83.2,24.8,9.1,13,0.769,72,0.5,42,0.333,0.5,0.518,20.7,6,8.7,4.3,17,0.33,0.67,2,8.1,107.6,110.2
Jusuf Nurkic,Por,C,26.91,6,28.9,60.2,20.8,17.5,25,0.72,50,0.58,5,0.2,0.555,0.598,13.2,10.3,20.6,2.7,13.7,0.5,1.17,2.33,9.9,117.6,98.2
Norman Powell,Por,G,28.16,6,36,75,19,7.7,18,0.889,50,0.56,26,0.385,0.566,0.608,17,2.2,3.5,2,8.3,0.83,1,1.17,4.7,121.3,114.3
Dennis Schroder,Lal,G,27.85,6,32.8,68.2,20.8,10.9,26,0.846,44,0.455,26,0.308,0.457,0.528,14.3,3,5.2,2.8,15.1,1,0.17,1.67,6,105.6,105
Anfernee Simons,Por,G,22.12,6,17.9,37.3,10.9,3.8,0,0,7,0.429,18,0.611,0.78,0.78,6.5,2.7,8.6,0.8,6.5,0.33,0.17,0.17,5.4,156.4,115.1
Jeff Green,Bro,F,34.9,6,24.7,51.5,12.1,7.6,8,0.875,15,0.4,18,0.556,0.636,0.671,8.2,2.8,6.3,1.7,9.2,0.5,0.33,0.5,5.5,136.1,108.5
Jay Scrubb,Lac,G,20.88,6,1.3,2.6,0,,0,0,0,0,0,0,,,0,0.2,7.6,0,0,0,0,0,0,,
Jalen Smith,Pho,F-C,21.35,6,2.9,6.1,13.1,20,0,0,3,0.333,1,1,0.625,0.625,0.8,0.8,15.9,0.2,7.7,0,0,0.17,7,,
Bruno Fernando,Atl,F-C,22.93,6,2,4.1,14.7,0,2,1,3,0.667,0,0,0.667,0.773,1,0.2,4.7,0,0,0,0,0,0,,
Nathan Knight,Atl,F-C,23.83,6,2.3,4.8,25.1,0,2,0,5,0.4,2,0,0.286,0.254,0.7,1,23.5,0,0,0,0.33,0,0,,
Grayson Allen,Mem,G,25.78,5,23.2,48.3,12.5,2.9,1,0,12,0.333,21,0.381,0.485,0.478,6.4,2.6,6.2,0.2,1.1,0.4,0.2,0.2,2.6,100.8,106.3
Kyle Anderson,Mem,F-G,27.83,5,28.4,59.2,14.2,8.4,4,0.75,30,0.5,12,0.25,0.464,0.48,8.4,5,9.7,3.2,14.2,2.8,0,0.8,7.2,107.5,104.8
Desmond Bane,Mem,G,23.07,5,19.8,41.3,9.4,13.6,0,0,7,0.714,12,0.5,0.737,0.737,5.6,3.4,9.5,2,12.5,0.8,0.4,0.6,6.8,137.5,108.7
RJ Barrett,Nyk,F-G,21.1,5,32.3,67.4,20.7,2.6,15,0.8,39,0.462,28,0.286,0.448,0.489,14.4,7.2,11.8,3,16.7,0.8,0.4,0.4,8.4,111.1,103.5
Bradley Beal,Was,G,28.06,5,39.1,81.4,34,12.6,36,0.861,91,0.538,32,0.219,0.484,0.54,30,6.2,8.6,4.2,19.2,0.8,0.6,4,9.4,102.1,114.4
Dillon Brooks,Mem,G-F,25.49,5,34.9,72.8,28.4,7.7,26,0.808,77,0.545,20,0.4,0.557,0.595,25.8,4.2,6.6,2.2,9.9,1.4,0.4,1.8,7.1,114.8,106.3
Reggie Bullock,Nyk,G-F,30.35,5,32.5,67.7,12.3,8.8,5,0.8,10,0.5,29,0.345,0.513,0.534,8.8,3.4,5.5,1.2,5.9,0.6,0.2,0.8,4.1,109.9,107.6
Alec Burks,Nyk,G,30,5,25.6,53.3,23.7,5.9,19,0.737,32,0.5,24,0.333,0.5,0.544,14,5,10.3,2.6,19.2,0.2,0,0.8,8.9,116.9,103.8
Kentavious Caldwell-Pope,Lal,G,28.42,5,29.1,60.7,10.2,6,5,1,10,0.7,19,0.211,0.448,0.497,6.2,2.8,5.4,1,5.4,1,0,0.4,3.6,106.6,100.9
Vlatko Cancar,Den,F,24.28,5,4.2,8.7,13,16.1,5,0.8,2,1,1,1,1.167,1.058,2.2,0.6,8.1,0.2,6.7,0.2,0.2,0.2,6.1,172.1,116.3
Anthony Davis,Lal,F-C,28.36,5,28.8,60,26.8,6.9,42,0.833,51,0.451,11,0.182,0.419,0.541,17.4,6.6,13,2.6,16.7,0.6,1.6,1.2,9.3,116.4,103.6
Andre Drummond,Lal,C,27.95,5,21,43.7,20.2,23.2,10,0.7,32,0.594,0,0,0.594,0.618,9,11,29.6,0,0,0.8,0.6,2.2,0,107.9,92.9
Evan Fournier,Bos,G-F,28.72,5,33.3,69.4,18.6,6.8,12,0.833,33,0.424,30,0.433,0.532,0.564,15.4,3.6,6.2,1.4,6.6,1.2,0,1,5.1,115.2,105.7
Daniel Gafford,Was,F-C,22.8,5,23.4,48.8,14.1,7.6,24,0.625,26,0.846,0,0,0.846,0.807,11.8,5.8,13.5,0.6,3.9,1,2,0.6,5.9,158.2,101.1
Marc Gasol,Lal,C,36.47,5,17.5,36.5,9.6,21.3,4,0.75,2,0.5,11,0.636,0.885,0.881,5.2,3.8,12.3,3,27.5,0.8,0.8,0.8,8.9,155.4,89.2
Taj Gibson,Nyk,F,36.07,5,27.6,57.5,7.5,12.8,1,1,20,0.6,0,0,0.6,0.612,5,7,13.4,0.8,4.6,1.6,1,0.6,4.4,135.2,99.9
Rui Hachimura,Was,F,23.45,5,34.6,72.2,13.8,8.7,12,0.583,32,0.625,15,0.6,0.713,0.708,14.8,7.2,11.3,1,4.3,0.4,0.2,1,5.5,129.8,106.1
Rondae Hollis-Jefferson,Por,F,26.55,5,7.1,14.8,8,0,3,0.667,5,0.8,0,0,0.8,0.791,2,1.6,13,0,0,0.2,0.2,0,0,173.2,104.4
De'Andre Hunter,Atl,F-G,23.63,5,30.3,63.2,17.2,11.9,16,0.75,29,0.414,16,0.375,0.467,0.519,10.8,4,7.2,0.6,2.9,0.2,0.6,1.4,3.9,98,110.1
Jaren Jackson Jr.,Mem,F-C,21.85,5,27.5,57.3,20,6.2,16,0.875,26,0.577,28,0.286,0.5,0.557,13.6,5.6,11.3,1,4.8,1,1.2,0.8,6.2,116.9,99.1
Alize Johnson,Bro,F,25.24,5,4.5,9.5,20,30,0,0,7,0.571,0,0,0.571,0.571,1.6,2.6,31.6,0,0,0.6,0,0.6,0,90.4,97
Tyus Jones,Mem,G,25.2,5,9.3,19.5,16.2,0,2,1,13,0.385,4,0.25,0.382,0.419,3,1.4,8.3,1.2,16.2,0.2,0,0,7.4,107.3,114.9
Enes Kanter,Por,C,29.17,5,11.2,23.4,9.5,25.3,2,1,8,0.5,0,0,0.5,0.563,2,2.6,13.4,0,0,0,0.4,0.6,0,108.7,104.4
Alex Len,Was,C,28.1,5,8.4,17.6,17.9,5.5,7,0.571,14,0.571,0,0,0.571,0.585,4,2.2,14.2,0.4,7.2,0.2,0,0.2,7.2,124.2,96.8
Robin Lopez,Was,C,33.3,5,14.6,30.5,15.9,3.6,4,0.25,25,0.72,0,0,0.72,0.691,7.4,1.8,6.7,0,0,0,0.8,0.2,0,131.8,110.3
De'Anthony Melton,Mem,G,23.15,5,16.7,34.8,18.3,8.3,5,0.6,11,0.455,20,0.3,0.452,0.467,6.2,3.2,10.6,1,7.6,0.2,0.8,0.6,6.5,99.7,108.1
Ja Morant,Mem,G,21.95,5,40.5,84.4,30.8,11.5,40,0.775,82,0.549,31,0.323,0.531,0.578,30.2,4.8,6.6,8.2,31.2,0.4,0,3.4,10.5,116.5,114.3
Aaron Nesmith,Bos,G-F,21.76,5,15,31.2,11.8,9.6,2,1,4,0.25,14,0.286,0.389,0.424,3.2,2.6,10,0.2,1.8,0.2,0.2,0.4,3.2,89.9,108.2
Raul Neto,Was,G,29.17,5,22.5,46.8,13.8,2.7,5,0.8,19,0.421,15,0.267,0.412,0.442,6.4,2.2,5.3,1,6,0.4,0,0.2,4.3,100,109.1
Zeke Nnaji,Den,F-C,20.53,5,3.5,7.4,21.8,0,2,0.5,1,1,7,0.429,0.688,0.676,2.4,0.4,6.4,0.4,17.8,0.2,0,0,8.3,,
Nerlens Noel,Nyk,C-F,27.28,5,18.4,38.4,10.1,19,16,0.813,10,0.5,0,0,0.5,0.675,4.6,4,11.5,0.2,1.6,0.8,0.6,0.8,3.4,132.5,93.9
Reggie Perry,Bro,F-C,21.33,5,4.4,9.3,32.7,18.8,0,0,8,0.625,5,0.4,0.615,0.615,3.2,1.2,14.9,0.2,8.6,0.2,0,0.6,8.3,106.4,97.5
Payton Pritchard,Bos,G,23.48,5,13.5,28.1,13.1,14.4,2,1,7,0.429,10,0.3,0.441,0.475,3.4,2,8.6,2.4,25,0.4,0,0.6,7.5,114.6,112.3
Immanuel Quickley,Nyk,G,22.09,5,15.4,32.2,24.2,14.3,7,0.714,22,0.273,11,0.364,0.364,0.402,5.8,1.4,4.8,1,11,0.6,0,1.2,5.2,78.1,101.6
Julius Randle,Nyk,F-C,26.64,5,36.1,75.1,31.7,17.8,27,0.852,61,0.279,33,0.333,0.356,0.425,18,11.6,17,4,19.8,0.6,0,4.6,10.4,85.3,98.5
Derrick Rose,Nyk,G,32.79,5,35,72.9,24.3,8.3,9,1,67,0.478,17,0.471,0.524,0.551,19.4,4,6.1,5,29.3,0.4,0.2,1.6,8.3,114.9,112.1
Mike Scott,Phi,F,33.01,5,6.9,14.3,11.3,0,0,0,2,0,7,0.286,0.333,0.333,1.2,0.6,4.8,0.6,10.5,0.2,0.2,0,4.4,94.8,105.1
Marcus Smart,Bos,G,27.38,5,36.6,76.3,20.6,15.7,21,0.714,23,0.565,43,0.372,0.561,0.591,17.8,4.4,6.9,6,25.5,1,0.2,2.8,8.5,116.8,110.6
Ish Smith,Was,G,33.04,5,22.3,46.4,18,10.4,0,0,36,0.389,7,0.286,0.395,0.395,6.8,3.2,7.8,2.8,17.9,1.4,0.4,1,7.1,86.5,104.7
Jayson Tatum,Bos,F-G,23.38,5,37,77,33.3,8.9,49,0.918,75,0.44,36,0.389,0.486,0.577,30.6,5.8,9.1,4.6,22.8,1.2,1.6,2.6,10.1,118,108.5
Tristan Thompson,Bos,C-F,30.36,5,26.4,55.1,14.9,10.8,17,0.706,34,0.588,0,0,0.588,0.627,10.4,9.8,21.4,1,5.8,0.8,1.2,1,7.1,138.2,107.2
Obi Toppin,Nyk,F,23.38,5,13.1,27.2,19.5,10.5,6,0.833,14,0.643,9,0.333,0.587,0.624,6.4,2.6,10.5,0.4,5.7,0,0.2,0.6,5.7,119.8,104.1
Jonas Valanciunas,Mem,C,29.21,5,33.1,69,18.2,14,8,0.875,50,0.62,8,0.25,0.586,0.61,15,9.8,16.4,2.6,10.9,0.6,0.6,2,8.8,120.2,104.2
Russell Westbrook,Was,G,32.69,5,37.2,77.6,27.8,16.9,43,0.791,64,0.359,20,0.25,0.363,0.462,19,10.4,15.2,11.8,45.6,0.4,0.2,4.2,14.3,104.4,106.8
Grant Williams,Bos,F,22.64,5,11.4,23.7,11.4,6.5,3,1,8,0.5,5,0.4,0.538,0.594,3.4,2,10.2,0.8,10.1,0.2,0.8,0.2,6.2,132.3,105.1
Justin Jackson,Mil,F,26.32,5,3,6.2,17.4,16.7,0,0,3,1,2,0,0.6,0.6,1.2,0.4,7.2,0.2,10.1,0.2,0,0.2,6.1,,
Kris Dunn,Atl,G,27.34,5,6.6,13.7,14.5,37.2,4,1,4,0.25,1,0,0.2,0.444,1.2,1,8.3,1,19.5,0.4,0.4,0.8,6.4,79.3,97
Jordan Nwora,Mil,F,22.86,5,6.2,12.9,30.5,4.5,7,0.714,10,0.2,8,0.25,0.278,0.356,3,1.8,15.6,0.2,4.4,0,0.2,0.2,6.6,90.9,112.8
Abdel Nader,Pho,F,27.82,5,5.8,12,9.5,0,0,0,4,0.5,2,0,0.333,0.333,0.8,1,9.6,0,0,0,0,0,0,69.8,104.3
Bam Adebayo,Mia,C-F,24.01,4,34,70.7,23.8,14.9,13,0.769,57,0.456,0,0,0.456,0.494,15.5,9.3,13.3,4.3,23.9,1.25,0.5,2.75,10,103.4,104.6
Trevor Ariza,Mia,F,36.06,4,24,50,11.9,11.5,0,0,6,0.333,17,0.294,0.413,0.413,4.8,5.8,11.7,0.5,3.2,0.75,0.25,0.75,4,81,99.7
Davis Bertans,Was,F,28.69,4,26.5,55.2,12.3,3.2,7,1,4,0.75,23,0.348,0.556,0.615,9.3,2.8,5.7,0.3,1.3,0.25,0.5,0.25,3,122.9,107.1
Isaac Bonga,Was,G,21.7,4,2.4,4.9,22,0,0,0,2,0,3,0,0,0,0,0,0,0,0,0,0.25,0,0,,
Jimmy Butler,Mia,F,31.85,4,38.6,80.3,23.5,10.9,22,0.727,49,0.306,15,0.267,0.328,0.394,14.5,7.5,9.5,7,30.6,1.25,0.25,2.25,9.5,93.3,110.2
Dewayne Dedmon,Mia,C,31.94,4,14.3,29.8,20.1,22.9,5,0.8,15,0.6,3,0.333,0.583,0.619,6.3,4.5,15.3,0.8,9.7,0,0.5,1.5,7.9,109.8,96.1
Goran Dragic,Mia,G,35.21,4,29.2,60.8,24.6,9.2,12,0.75,28,0.5,26,0.346,0.509,0.54,16,1.8,2.9,2.8,18.2,1,0.5,1.5,5.9,104.6,106.8
Trent Forrest,Uta,G,23.11,4,2.4,4.9,18.7,0,0,0,4,0.5,0,0,0.5,0.5,1,0,0,0,0,0,0,0,0,,
Anthony Gill,Was,F,28.76,4,8.2,17.1,7.6,50,0,0,2,0,1,0,0,0,0,1,6.6,0,0,0,0,0.75,0,13.6,97.7
Montrezl Harrell,Lal,F-C,27.48,4,9.8,20.5,22.7,10,9,0.778,14,0.571,0,0,0.571,0.64,5.8,2.5,14.4,0,0,0.5,0,0.5,0,126,101.6
Tyler Herro,Mia,G,21.5,4,23.2,48.3,20.9,6.8,7,1,19,0.316,19,0.316,0.395,0.45,9.3,3.3,6.8,1.8,12.9,0.25,0.25,0.75,6.6,95.2,114.3
Talen Horton-Tucker,Lal,G,20.65,4,12.1,25.2,27,10.3,5,0.6,19,0.526,5,0.2,0.479,0.496,6.5,3.5,16.3,0.5,8.5,0.25,0,0.75,7.4,95.2,102.1
Andre Iguodala,Mia,G-F,37.48,4,17.8,37,9.9,31.3,0,0,4,0.75,7,0.429,0.682,0.682,3.8,3,8.2,1.3,11.1,1,0.5,1.25,5.5,105.4,101
Isaiah Joe,Phi,G,22.05,4,2.4,4.9,13.7,0,0,0,1,1,2,0,0.333,0.333,0.5,0,0,0.3,13.7,0,0,0,0,,
Romeo Langford,Bos,G-F,21.74,4,27.2,56.7,13.5,2.9,4,1,15,0.467,17,0.353,0.5,0.533,9,2.5,5.3,1.3,6.7,0.75,0.5,0.25,4.5,121,118.7
Boban Marjanovic,Dal,C,32.93,4,20.9,43.4,25.5,8.5,9,0.778,39,0.513,0,0,0.513,0.547,11.8,8,22.3,1,8.3,0,0.25,1,8.7,118.5,99.3
JaVale McGee,Den,C-F,33.5,4,8.5,17.6,17.6,7.3,6,0.333,8,0.375,2,0,0.3,0.316,2,3,20,0.8,11.5,0.25,1.25,0.25,7.9,86.6,100.4
Ben McLemore,Lal,G,28.44,4,8.9,18.6,12.5,10,0,0,3,0,6,0.333,0.333,0.333,1.5,1.8,11.1,0.3,4.2,0.25,0,0.25,4.2,74.7,95.2
Markieff Morris,Lal,F,31.88,4,9.5,19.8,16,14.7,6,0.667,5,0.2,4,0.25,0.278,0.387,2.3,1,5.9,0.8,11.9,0,0.25,0.5,5.2,95.5,99.2
Kendrick Nunn,Mia,G,25.97,4,23.3,48.5,22.1,6.4,2,1,25,0.48,18,0.278,0.453,0.467,10.3,1.5,3.1,1.5,12.1,0.5,0,0.75,4.9,92.4,113.1
Jabari Parker,Bos,F,26.35,4,14.8,30.8,21.8,19.7,8,0.75,16,0.688,5,0.4,0.667,0.693,8.5,3.8,14.6,0.5,5.8,0,0.75,1.5,6.8,112.1,104.2
Duncan Robinson,Mia,F,27.25,4,24.9,51.9,16.5,10.7,10,0.9,2,0.5,27,0.37,0.552,0.614,10.3,2.8,5.4,0.8,5,0.75,0,1,4.6,111.4,101.2
Axel Toupane,Mil,G-F,20,4,2.5,5.1,17.5,0,0,0,2,0.5,2,0.5,0.625,0.625,1.3,1,21.9,0,0,0,0,0,0,,
Cam Reddish,Atl,F-G,21.89,4,23,47.9,20.8,11.6,5,0.8,22,0.455,14,0.643,0.653,0.668,12.8,3.5,8.3,1.8,12.6,1.5,0.5,1.25,7.5,121.3,100.7
Precious Achiuwa,Mia,F,21.84,3,4.1,8.5,34.8,41,4,0.25,4,0.75,0,0,0.75,0.608,2.3,2,23.7,0,0,0,0.67,1.33,0,56.6,97.3
Will Barton,Den,G,30.54,3,27.7,57.7,25.5,8.2,4,1,22,0.545,21,0.333,0.523,0.547,16.3,4.3,8.8,2.7,15.3,0.67,0.33,1.33,8.3,109.5,112.5
Bol Bol,Den,C-F,21.68,3,2,4.1,7.4,0,0,0,0,0,1,0,0,0,0,0.3,9.6,0.7,39.5,0,0,0,0,,
Donte DiVincenzo,Mil,G,24.47,3,23.3,48.5,13.5,27.3,0,0,4,0.25,12,0.167,0.25,0.25,2.7,6.3,14.6,2.7,13.9,1,0.33,2,6.1,63.4,104.6
T.J. Leaf,Por,F,24.23,3,2.5,5.2,24.1,0,0,0,4,0.75,0,0,0.75,0.75,2,1,23.1,0,0,0,0,0,0,,
Nassir Little,Por,F-G,21.44,3,3,6.3,33.5,14.8,4,0.5,0,0,4,0.25,0.375,0.434,1.7,0.3,6.3,0,0,0,0.33,0.33,0,,
Garrison Mathews,Was,G,24.74,3,5.7,11.9,15.2,0,5,0.8,0,0,4,0,0,0.323,1.3,0.7,6.4,0,0,0,0,0,0,76,94.9
Nicolo Melli,Dal,F,30.48,3,6.4,13.3,9.5,0,0,0,2,0,2,0,0,0,0,2,18.2,0,0,0.33,0,0,0,42.2,96.1
Frank Ntilikina,Nyk,G,22.98,3,1.2,2.4,12.7,0,0,0,0,0,1,0,0,0,0,0,0,0,0,0,0,0,0,,
Paul Reed,Phi,F,22.1,3,3.5,7.3,16.4,0,0,0,4,0.5,0,0,0.5,0.5,1.3,2.7,41.8,0,0,0,0.33,0,0,,
Matt Thomas,Uta,G,26.96,3,2.3,4.8,12.8,0,0,0,2,0,0,0,0,0,0,0.3,8.4,0,0,0,0,0,0,,
Xavier Tillman,Mem,F,22.52,3,5.9,12.3,14.3,16.7,0,0,4,0.25,1,0,0.2,0.2,0.7,1,9.4,0.3,6.5,0.33,0,0.33,4,56.3,103
Gabe Vincent,Mia,G,25.1,3,4.7,9.9,12.4,25,0,0,1,1,2,0.5,0.833,0.833,1.7,0.3,3.4,0.7,24.5,0,0,0.33,6,128,119.2
Kemba Walker,Bos,G,31.2,3,30.3,63.1,24.9,15,10,0.9,24,0.417,17,0.176,0.354,0.419,12.7,4,7.6,4,20.1,0.33,0,2.67,7.8,87.2,107
Tremont Waters,Bos,G,23.53,3,2,4.1,52.5,27.3,3,0.667,2,0.5,2,0,0.25,0.376,1.3,0,0,0.7,53.8,0.33,0,0.67,0,,
Robert Williams III,Bos,C-F,23.76,3,15.2,31.7,14.7,6.3,2,0.5,14,0.643,0,0,0.643,0.638,6.3,5,19,0.7,7.3,0.33,3,0.33,7.4,139.8,100.2
Nemanja Bjelica,Mia,F,33.2,2,15.2,31.6,19.8,0,6,0.667,3,0.333,8,0.5,0.636,0.66,9,2.5,8,1,12,1,0.5,0,7.4,138.9,94.2
Keljin Blevins,Por,G,25.66,2,2,4.1,23.1,0,0,0,1,1,1,0,0.5,0.5,1,0,0,0,0,0,0,0,0,,
Jarrell Brantley,Uta,F,25.12,2,1.7,3.5,37.5,34.7,2,0.5,1,0,0,0,0,0.266,0.5,0.5,17.1,0,0,0,0,0.5,0,,
Trey Burke,Dal,G,28.69,2,8.3,17.3,21.5,0,2,0.5,4,0,3,0,0,0.063,0.5,0.5,3.5,0.5,7.4,0,0,0,2.4,34.7,116.6
Brandon Clarke,Mem,F-G,24.83,2,4.8,9.9,8.9,0,0,0,2,0.5,0,0,0.5,0.5,1,0.5,5.8,0,0,0,0.5,0,0,102.4,119
Jared Dudley,Lal,F,36.03,2,2.5,5.1,0,,0,0,0,0,0,0,,,0,0,0,0,0,0,0,0,0,,
Carsen Edwards,Bos,G,23.36,2,2.7,5.6,23.5,0,0,0,1,1,2,0.5,0.833,0.833,2.5,0.5,10.7,0,0,0,0,0,0,,
CJ Elleby,Por,F-G,21.09,2,4,8.3,11.3,50,0,0,1,0,0,0,0,0,0,1.5,21.7,0.5,14.8,0,0,0.5,0,59.2,119
Langston Galloway,Pho,G,29.61,2,7.4,15.3,23.1,0,1,0,5,0.2,2,0,0.143,0.134,1,1,7.6,0.5,8.7,0,0.5,0,4.3,38.6,109.3
Chandler Hutchison,Was,F-G,25.23,2,9.1,19,15.8,14.5,2,1,5,0.4,0,0,0.4,0.51,3,1.5,9,0.5,7.5,0,0,0.5,5.8,96.6,112.2
Serge Ibaka,Lac,F,31.84,2,9.2,19.2,22.2,11.4,4,1,4,0.75,2,0,0.5,0.644,5,2,12.6,1,16.7,0.5,1.5,0.5,9.4,132.1,106.8
Derrick Jones Jr.,Por,F,24.43,2,5.3,10.9,21.5,0,0,0,3,0.667,2,0,0.4,0.4,2,0,0,0,0,0.5,0,0,0,84,98.5
Luke Kornet,Bos,F-C,26.02,2,2.7,5.6,14.7,0,2,0.5,1,1,0,0,1,0.798,1.5,1.5,32.1,0,0,0,0,0,0,,
Alfonzo McKinnie,Lal,F,28.84,2,5.9,12.2,11.5,0,0,0,1,0,2,0,0,0,0,0.5,4.8,0,0,0,0,0,0,0,104.9
Juwan Morgan,Uta,F,24.26,2,2.9,5.9,0,,0,0,0,0,0,0,,,0,1,20.4,0.5,21.2,0,0,0,0,,
Semi Ojeleye,Bos,F,26.63,2,6,12.5,17.2,0,2,0.5,1,0,3,0,0,0.102,0.5,0,0,0,0,0.5,0.5,0,0,25.5,118.3
KZ Okpala,Mia,F-G,22.23,2,2.9,6,7.6,0,0,0,0,0,1,0,0,0,0,0,0,0,0,0,0,0,0,,
Elfrid Payton,Nyk,G,27.41,2,6.6,13.6,19.9,0,2,0.5,5,0,0,0,0,0.085,0.5,0,0,0.5,10.7,0.5,0,0,0,31.4,105
Max Strus,Mia,G-F,25.31,2,2.9,6,7.6,0,0,0,1,0,0,0,0,0,0,0,0,0,0,0,0,0,0,,
Udoka Azubuike,Uta,C-F,21.84,1,1.2,2.5,0,,0,0,0,0,0,0,,,0,1,48.5,0,0,0,0,0,0,,
Tacko Fall,Bos,C,25.61,1,0.9,1.9,0,,0,0,0,0,0,0,,,0,1,64.1,0,0,0,0,0,0,,
Harry Giles III,Por,F-C,23.25,1,3.6,7.5,50.1,75,0,0,1,0,0,0,0,0,0,3,48.1,0,0,0,0,3,0,,
Josh Green,Dal,G,20.67,1,4.2,8.8,0,,0,0,0,0,0,0,,,0,0,0,0,0,0,0,0,0,,123.5
Ersan Ilyasova,Uta,F,34.18,1,3.4,7.1,37.5,0,2,1,1,1,1,0,0.5,0.694,4,0,0,0,0,0,0,0,0,,
Kevin Knox II,Nyk,F,21.94,1,3.5,7.3,11.2,0,2,1,0,0,0,0,,1.136,2,1,15.1,1,39.9,0,1,0,14.4,,
John Konchar,Mem,G,25.33,1,2.8,5.8,15.1,0,0,0,0,0,1,0,0,0,0,1,19.7,0,0,0,1,0,0,,
Anthony Tolliver,Phi,F,36.14,1,1.7,3.5,0,,0,0,0,0,0,0,,,0,0,0,0,0,0,0,0,0,,
Rayjon Tucker,Phi,G,23.82,1,1.7,3.5,22.3,0,2,0.5,0,0,0,0,,0.568,1,0,0,0,0,0,0,0,0,,
Justise Winslow,Mem,F-G,25.32,1,2.8,5.8,0,,0,0,0,0,0,0,,,0,1,19.7,1,38.8,0,0,0,0,,
Cassius Winston,Was,G,23.39,1,5.5,11.5,38,40,0,0,2,0.5,1,0,0.333,0.333,2,2,19.8,1,27.4,0,0,2,11.5,61.3,98.6
Ty-Shon Alexander,Pho,G,23.01,1,1.3,2.7,35.1,0,0,0,1,1,0,0,1,1,2,0,0,0,0,0,0,0,0,,
