Player,Pos,Age,Team,G,GS,MP,FG,FGA,FG%,3P,3PA,3P%,2P,2PA,2P%,eFG%,FT,FTA,FT%,ORB,DRB,TRB,AST,STL,BLK,TOV,PF,PTS
Precious Achiuwa,C,22,TOR,6,1,167,25,52,0.481,5,16,0.313,20,36,0.556,0.529,6,10,0.6,8,21,29,6,1,5,9,14,61
Steven Adams,C,28,MEM,7,5,114,9,21,0.429,0,0,,9,21,0.429,0.429,6,11,0.545,15,30,45,15,1,1,4,12,24
Bam Adebayo,C,24,MIA,18,18,614,104,175,0.594,0,1,0,104,174,0.598,0.594,58,76,0.763,37,107,144,48,18,13,38,55,266
Nickeil Alexander-Walker,SG,23,UTA,1,0,5,2,2,1,0,0,,2,2,1,1,1,1,1,0,1,1,1,1,0,0,0,5
Grayson Allen,SG,26,MIL,12,5,305,37,82,0.451,19,48,0.396,18,34,0.529,0.567,7,11,0.636,5,30,35,15,8,4,9,22,100
Jose Alvarado,PG,23,NOP,6,0,117,16,33,0.485,6,16,0.375,10,17,0.588,0.576,10,13,0.769,2,6,8,9,7,1,7,18,48
Kyle Anderson,PF,28,MEM,12,1,221,29,51,0.569,3,12,0.25,26,39,0.667,0.598,11,18,0.611,10,42,52,21,11,7,10,22,72
Giannis Antetokounmpo,PF,27,MIL,12,12,448,140,285,0.491,9,41,0.22,131,244,0.537,0.507,91,134,0.679,26,144,170,81,8,15,54,43,380
Thanasis Antetokounmpo,SF,29,MIL,8,0,20,2,3,0.667,0,0,,2,3,0.667,0.667,1,3,0.333,1,3,4,1,1,0,0,4,5
OG Anunoby,SF,24,TOR,6,6,217,39,82,0.476,14,41,0.341,25,41,0.61,0.561,12,16,0.75,7,17,24,15,6,1,10,18,104
Deandre Ayton,C,23,PHO,13,13,397,105,164,0.64,2,4,0.5,103,160,0.644,0.646,21,33,0.636,33,83,116,22,5,10,19,34,233
Desmond Bane,SG,23,MEM,12,12,428,76,159,0.478,43,88,0.489,33,71,0.465,0.613,30,35,0.857,5,40,45,26,11,9,16,23,225
Dalano Banton,PG,22,TOR,4,0,8,2,2,1,0,0,,2,2,1,1,3,6,0.5,2,0,2,1,1,0,1,0,7
Scottie Barnes,PF,20,TOR,4,3,133,18,42,0.429,2,12,0.167,16,30,0.533,0.452,13,16,0.813,7,29,36,17,4,1,5,12,51
Will Barton,SG,31,DEN,5,5,172,27,66,0.409,11,28,0.393,16,38,0.421,0.492,4,6,0.667,5,23,28,14,4,1,10,11,69
Charles Bassey,C,21,PHI,3,0,12,1,2,0.5,0,0,,1,2,0.5,0.5,0,1,0,1,4,5,1,0,1,0,1,2
Malik Beasley,SG,25,MIN,6,0,119,19,44,0.432,8,25,0.32,11,19,0.579,0.523,5,6,0.833,2,18,20,4,2,1,7,9,51
Dāvis Bertāns,PF,29,DAL,18,0,192,22,55,0.4,19,51,0.373,3,4,0.75,0.573,10,12,0.833,4,22,26,6,8,2,3,25,73
Patrick Beverley,PG,33,MIN,6,6,194,21,49,0.429,9,26,0.346,12,23,0.522,0.52,15,22,0.682,4,15,19,29,7,7,12,28,66
Khem Birch,C,29,TOR,6,4,63,8,16,0.5,2,4,0.5,6,12,0.5,0.563,0,0,,4,5,9,3,1,1,3,13,18
Bismack Biyombo,C,29,PHO,9,0,86,11,17,0.647,0,0,,11,17,0.647,0.647,3,6,0.5,8,11,19,5,1,2,6,13,25
Nemanja Bjelica,C,33,GSW,15,0,150,18,34,0.529,3,8,0.375,15,26,0.577,0.574,4,7,0.571,6,25,31,17,4,2,7,21,43
Bogdan Bogdanović,SG,29,ATL,4,0,107,20,49,0.408,9,26,0.346,11,23,0.478,0.5,8,10,0.8,4,15,19,12,1,1,4,12,57
Bojan Bogdanović,PF,32,UTA,6,6,214,39,81,0.481,11,33,0.333,28,48,0.583,0.549,19,24,0.792,3,22,25,10,2,0,12,24,108
Isaac Bonga,SF,22,TOR,1,0,3,0,0,,0,0,,0,0,,,2,2,1,0,1,1,0,0,0,0,1,2
Devin Booker,SG,25,PHO,10,10,366,79,175,0.451,28,65,0.431,51,110,0.464,0.531,47,53,0.887,10,38,48,44,5,4,32,25,233
Chris Boucher,SF,29,TOR,6,0,130,26,42,0.619,6,15,0.4,20,27,0.741,0.69,9,10,0.9,12,23,35,1,1,7,2,13,67
Tony Bradley,C,24,CHI,2,0,8,5,5,1,0,0,,5,5,1,1,0,0,,0,4,4,1,0,0,0,0,10
Mikal Bridges,SF,25,PHO,13,13,500,66,138,0.478,13,33,0.394,53,105,0.505,0.525,28,30,0.933,12,49,61,37,14,13,11,31,173
Armoni Brooks,PG,23,TOR,4,0,8,0,4,0,0,4,0,0,0,,0,0,0,,0,2,2,0,0,0,0,0,0
Dillon Brooks,SF,26,MEM,11,11,335,60,172,0.349,25,72,0.347,35,100,0.35,0.422,16,25,0.64,8,22,30,30,11,3,22,36,161
Bruce Brown,SF,25,BRK,4,4,139,21,37,0.568,6,14,0.429,15,23,0.652,0.649,8,10,0.8,6,13,19,11,5,3,9,16,56
Jaylen Brown,SF,25,BOS,24,24,920,197,419,0.47,60,161,0.373,137,258,0.531,0.542,100,131,0.763,33,133,166,85,27,10,74,71,554
Sterling Brown,SG,26,DAL,9,0,26,3,10,0.3,0,4,0,3,6,0.5,0.3,5,7,0.714,1,7,8,3,4,2,3,0,11
Troy Brown Jr.,SF,22,CHI,3,0,37,5,17,0.294,2,11,0.182,3,6,0.5,0.353,0,0,,1,7,8,3,2,0,3,2,12
Jalen Brunson,SG,25,DAL,18,18,629,145,311,0.466,26,75,0.347,119,236,0.504,0.508,72,90,0.8,15,68,83,66,14,1,19,38,388
Reggie Bullock,SF,30,DAL,18,18,707,61,151,0.404,52,131,0.397,9,20,0.45,0.576,16,18,0.889,8,74,82,30,22,1,8,48,190
Trey Burke,PG,29,DAL,10,0,37,11,22,0.5,4,10,0.4,7,12,0.583,0.591,6,6,1,0,3,3,4,1,0,1,3,32
Jared Butler,SG,21,UTA,1,0,5,0,2,0,0,0,,0,2,0,0,0,0,,0,1,1,0,0,0,0,0,0
Jimmy Butler,SF,32,MIA,17,17,629,166,328,0.506,23,68,0.338,143,260,0.55,0.541,111,132,0.841,41,84,125,78,35,11,25,25,466
Facundo Campazzo,PG,30,DEN,4,0,13,0,2,0,0,2,0,0,0,,0,0,0,,0,3,3,2,0,0,2,3,0
Vlatko Čančar,PF,24,DEN,2,0,9,2,3,0.667,1,2,0.5,1,1,1,0.833,0,0,,0,2,2,1,0,0,2,0,5
Clint Capela,C,27,ATL,2,2,40,2,6,0.333,0,0,,2,6,0.333,0.333,0,0,,4,11,15,0,1,1,1,2,4
Jevon Carter,PG,26,MIL,11,0,126,9,19,0.474,3,7,0.429,6,12,0.5,0.553,2,2,1,3,13,16,10,8,0,6,12,23
Alex Caruso,SG,27,CHI,4,4,113,9,23,0.391,7,18,0.389,2,5,0.4,0.543,0,0,,2,9,11,17,5,4,1,11,25
Marquese Chriss,PF,24,DAL,8,0,30,4,8,0.5,1,2,0.5,3,6,0.5,0.563,5,6,0.833,4,5,9,0,0,0,1,3,14
Brandon Clarke,PF,25,MEM,12,0,296,56,91,0.615,0,1,0,56,90,0.622,0.615,36,54,0.667,37,46,83,24,9,10,12,23,148
Jordan Clarkson,SG,29,UTA,6,0,170,40,73,0.548,9,24,0.375,31,49,0.633,0.61,16,18,0.889,5,14,19,8,3,1,10,17,105
Nic Claxton,C,22,BRK,4,0,98,19,24,0.792,0,0,,19,24,0.792,0.792,4,22,0.182,7,18,25,6,5,9,2,6,42
John Collins,PF,24,ATL,5,4,122,19,39,0.487,4,11,0.364,15,28,0.536,0.538,5,10,0.5,2,21,23,6,2,1,5,12,47
Mike Conley,PG,34,UTA,6,6,174,19,57,0.333,5,25,0.2,14,32,0.438,0.377,12,15,0.8,2,17,19,29,5,2,13,19,55
Pat Connaughton,SF,29,MIL,12,0,318,42,88,0.477,25,64,0.391,17,24,0.708,0.619,5,5,1,3,48,51,11,5,4,7,14,114
DeMarcus Cousins,C,31,DEN,5,0,57,19,29,0.655,4,6,0.667,15,23,0.652,0.724,11,15,0.733,3,14,17,6,3,1,7,9,53
Torrey Craig,SF,31,PHO,9,0,69,8,22,0.364,3,10,0.3,5,12,0.417,0.432,1,2,0.5,5,10,15,5,4,2,4,6,20
Jae Crowder,PF,31,PHO,13,13,383,42,105,0.4,19,63,0.302,23,42,0.548,0.49,19,26,0.731,8,53,61,31,13,7,19,47,122
Jarrett Culver,SG,22,MEM,3,0,22,3,10,0.3,0,2,0,3,8,0.375,0.3,1,2,0.5,2,5,7,1,2,0,2,4,7
Seth Curry,SG,31,BRK,4,4,132,22,39,0.564,12,23,0.522,10,16,0.625,0.718,2,3,0.667,2,8,10,12,1,3,3,15,58
Stephen Curry,PG,33,GSW,22,18,764,202,440,0.459,91,229,0.397,111,211,0.526,0.563,107,129,0.829,11,104,115,129,29,8,57,59,602
Dewayne Dedmon,C,32,MIA,14,0,138,21,45,0.467,1,10,0.1,20,35,0.571,0.478,10,12,0.833,15,27,42,5,1,3,7,36,53
DeMar DeRozan,PF,32,CHI,5,5,203,39,95,0.411,0,9,0,39,86,0.453,0.411,26,30,0.867,1,26,27,24,9,2,11,12,104
Gorgui Dieng,C,32,ATL,2,0,10,1,2,0.5,0,1,0,1,1,1,0.5,1,1,1,1,2,3,0,0,0,0,0,3
Spencer Dinwiddie,SG,28,DAL,18,3,501,80,192,0.417,40,96,0.417,40,96,0.417,0.521,55,67,0.821,8,36,44,65,15,6,29,42,255
Luka Dončić,PG,22,DAL,15,15,552,160,352,0.455,51,148,0.345,109,204,0.534,0.527,104,135,0.77,10,137,147,96,27,9,59,44,475
Ayo Dosunmu,SG,22,CHI,5,1,86,8,26,0.308,3,13,0.231,5,13,0.385,0.365,1,1,1,4,9,13,11,1,0,3,5,20
Goran Dragić,PG,35,BRK,4,0,79,18,32,0.563,4,12,0.333,14,20,0.7,0.625,2,2,1,6,12,18,6,3,0,5,11,42
Andre Drummond,C,28,BRK,4,4,60,6,11,0.545,0,0,,6,11,0.545,0.545,3,5,0.6,3,9,12,3,5,3,6,12,15
Kevin Durant,PF,33,BRK,4,4,176,32,83,0.386,7,21,0.333,25,62,0.403,0.428,34,38,0.895,2,21,23,25,4,1,21,15,105
Anthony Edwards,SG,20,MIN,6,6,227,50,110,0.455,23,57,0.404,27,53,0.509,0.559,28,34,0.824,4,21,25,18,7,7,15,22,151
Kessler Edwards,SF,21,BRK,2,0,7,0,0,,0,0,,0,0,,,0,0,,0,0,0,1,1,0,1,3,0
Joel Embiid,C,27,PHI,10,10,385,78,161,0.484,7,33,0.212,71,128,0.555,0.506,73,89,0.82,21,86,107,21,4,8,32,34,236
Dorian Finney-Smith,PF,28,DAL,18,18,688,74,157,0.471,46,108,0.426,28,49,0.571,0.618,17,24,0.708,32,67,99,35,17,7,18,53,211
Malik Fitts,PF,24,BOS,9,0,16,3,4,0.75,2,2,1,1,2,0.5,1,0,0,,0,2,2,0,0,0,0,0,8
Malachi Flynn,PG,23,TOR,6,0,36,0,7,0,0,3,0,0,4,0,0,0,0,,2,1,3,3,1,0,1,6,0
Bryn Forbes,SG,28,DEN,5,0,76,6,15,0.4,4,11,0.364,2,4,0.5,0.533,4,5,0.8,1,2,3,7,1,0,2,7,20
Danilo Gallinari,PF,33,ATL,5,3,112,18,45,0.4,4,15,0.267,14,30,0.467,0.444,11,11,1,2,19,21,4,1,0,5,6,51
Rudy Gobert,C,29,UTA,6,6,197,21,33,0.636,0,0,,21,33,0.636,0.636,30,44,0.682,21,58,79,3,1,6,8,19,72
Aaron Gordon,PF,26,DEN,5,5,160,23,54,0.426,3,15,0.2,20,39,0.513,0.454,20,28,0.714,18,18,36,13,2,6,8,14,69
Devonte' Graham,PG,26,NOP,6,0,60,6,18,0.333,5,14,0.357,1,4,0.25,0.472,7,8,0.875,2,7,9,4,1,1,4,3,24
Danny Green,SF,34,PHI,12,12,319,36,89,0.404,31,76,0.408,5,13,0.385,0.579,0,1,0,9,28,37,10,12,4,13,23,103
Draymond Green,PF,31,GSW,22,22,703,69,144,0.479,8,39,0.205,61,105,0.581,0.507,30,47,0.638,26,133,159,138,25,22,59,87,176
JaMychal Green,PF,31,DEN,5,0,69,6,16,0.375,1,5,0.2,5,11,0.455,0.406,7,7,1,3,9,12,2,0,1,2,12,20
Javonte Green,SF,28,CHI,5,1,72,3,17,0.176,0,6,0,3,11,0.273,0.176,1,2,0.5,8,7,15,2,9,0,4,8,7
Jeff Green,PF,35,DEN,5,5,113,6,17,0.353,3,8,0.375,3,9,0.333,0.441,4,5,0.8,7,11,18,2,3,2,2,6,19
Josh Green,SG,21,DAL,16,0,121,8,28,0.286,5,22,0.227,3,6,0.5,0.375,2,8,0.25,1,11,12,7,5,0,0,16,23
Blake Griffin,C,32,BRK,2,0,25,2,7,0.286,2,5,0.4,0,2,0,0.429,2,2,1,2,2,4,4,1,1,1,3,8
James Harden,PG,32,PHI,12,12,479,64,158,0.405,28,76,0.368,36,82,0.439,0.494,67,75,0.893,11,57,68,103,9,8,50,29,223
Tobias Harris,PF,29,PHI,12,12,466,81,162,0.5,22,57,0.386,59,105,0.562,0.568,19,22,0.864,10,81,91,35,13,10,18,35,203
Sam Hauser,SF,24,BOS,7,0,15,1,4,0.25,1,3,0.333,0,1,0,0.375,2,2,1,0,1,1,2,0,0,0,0,5
Jaxson Hayes,C,21,NOP,6,6,83,14,25,0.56,0,3,0,14,22,0.636,0.56,7,11,0.636,4,11,15,1,0,2,4,11,35
Juancho Hernangómez,PF,26,UTA,6,0,56,5,18,0.278,4,12,0.333,1,6,0.167,0.389,0,0,,2,10,12,5,2,0,2,4,14
Willy Hernangómez,C,27,NOP,1,0,2,1,4,0.25,0,1,0,1,3,0.333,0.25,0,0,,2,0,2,0,0,0,0,1,2
Tyler Herro,SG,22,MIA,15,0,381,74,181,0.409,16,70,0.229,58,111,0.523,0.453,25,27,0.926,7,51,58,42,9,6,27,21,189
Haywood Highsmith,SF,25,MIA,8,0,31,3,7,0.429,3,5,0.6,0,2,0,0.643,0,0,,2,3,5,3,0,0,3,2,9
George Hill,PG,35,MIL,5,0,76,1,5,0.2,1,2,0.5,0,3,0,0.3,2,2,1,1,5,6,3,0,0,1,10,5
Aaron Holiday,PG,25,PHO,6,0,20,8,14,0.571,5,7,0.714,3,7,0.429,0.75,0,1,0,3,0,3,9,3,1,0,1,21
Jrue Holiday,PG,31,MIL,12,12,463,89,235,0.379,25,79,0.316,64,156,0.41,0.432,26,31,0.839,12,55,67,78,21,7,34,28,229
Al Horford,C,35,BOS,23,23,815,101,193,0.523,47,98,0.48,54,95,0.568,0.645,28,36,0.778,35,179,214,76,19,31,29,64,277
Danuel House Jr.,SF,28,UTA,6,0,112,9,22,0.409,2,10,0.2,7,12,0.583,0.455,6,8,0.75,2,15,17,4,0,1,6,7,26
Kevin Huerter,SF,23,ATL,5,5,154,17,47,0.362,9,31,0.29,8,16,0.5,0.457,3,4,0.75,1,14,15,19,6,3,11,15,46
De'Andre Hunter,SF,24,ATL,5,5,175,39,70,0.557,12,26,0.462,27,44,0.614,0.643,16,20,0.8,2,17,19,3,4,1,11,20,106
Bones Hyland,SG,21,DEN,5,0,87,13,36,0.361,8,23,0.348,5,13,0.385,0.472,12,14,0.857,1,9,10,16,1,0,6,12,46
Serge Ibaka,C,32,MIL,6,0,22,4,16,0.25,0,3,0,4,13,0.308,0.25,1,2,0.5,2,8,10,0,0,0,2,1,9
Andre Iguodala,SF,38,GSW,7,0,61,4,9,0.444,1,3,0.333,3,6,0.5,0.5,2,3,0.667,3,4,7,12,0,2,4,11,11
Brandon Ingram,SF,24,NOP,6,6,236,56,118,0.475,11,27,0.407,45,91,0.495,0.521,39,47,0.83,4,33,37,37,4,2,23,11,162
Kyrie Irving,PG,29,BRK,4,4,170,28,63,0.444,8,21,0.381,20,42,0.476,0.508,21,21,1,6,15,21,21,7,5,9,13,85
Jaren Jackson Jr.,PF,22,MEM,12,12,332,59,156,0.378,27,72,0.375,32,84,0.381,0.465,40,53,0.755,26,55,81,11,9,30,17,53,185
Isaiah Joe,SG,22,PHI,7,0,15,2,5,0.4,1,3,0.333,1,2,0.5,0.5,0,0,,0,2,2,0,0,0,3,1,5
Cameron Johnson,PF,25,PHO,13,3,320,46,99,0.465,22,59,0.373,24,40,0.6,0.576,26,32,0.813,9,37,46,20,5,1,12,31,140
Jalen Johnson,PF,20,ATL,2,0,9,0,3,0,0,1,0,0,2,0,0,0,0,,0,0,0,0,0,0,1,0,0
Nikola Jokić,C,26,DEN,5,5,171,61,106,0.575,5,18,0.278,56,88,0.636,0.599,28,33,0.848,17,49,66,29,8,5,24,20,155
Derrick Jones Jr.,PF,24,CHI,5,0,59,7,17,0.412,3,11,0.273,4,6,0.667,0.5,2,3,0.667,3,4,7,2,1,0,3,8,19
Herbert Jones,PF,23,NOP,6,6,226,21,44,0.477,5,12,0.417,16,32,0.5,0.534,17,22,0.773,8,12,20,11,11,5,8,22,64
Tyus Jones,PG,25,MEM,12,3,262,39,99,0.394,18,45,0.4,21,54,0.389,0.485,14,15,0.933,4,35,39,54,14,2,13,8,110
DeAndre Jordan,C,33,PHI,3,2,31,5,5,1,0,0,,5,5,1,1,0,0,,1,6,7,1,0,2,2,4,10
Maxi Kleber,PF,30,DAL,18,0,457,54,106,0.509,34,78,0.436,20,28,0.714,0.67,15,21,0.714,15,67,82,20,4,15,11,49,157
Kevin Knox,SF,22,ATL,2,0,9,7,11,0.636,6,10,0.6,1,1,1,0.909,2,2,1,0,2,2,0,2,0,3,0,22
John Konchar,SG,25,MEM,8,0,56,3,11,0.273,1,6,0.167,2,5,0.4,0.318,2,2,1,3,16,19,5,3,1,1,7,9
Furkan Korkmaz,SG,24,PHI,9,0,61,11,23,0.478,4,10,0.4,7,13,0.538,0.565,2,2,1,1,11,12,4,1,1,2,7,28
Luke Kornet,C,26,BOS,9,0,19,3,4,0.75,1,1,1,2,3,0.667,0.875,0,0,,1,4,5,1,0,0,1,1,7
Jonathan Kuminga,SF,19,GSW,16,3,138,30,60,0.5,3,13,0.231,27,47,0.574,0.525,20,26,0.769,4,23,27,8,3,2,11,11,83
Zach LaVine,SG,26,CHI,4,4,153,27,63,0.429,9,24,0.375,18,39,0.462,0.5,14,15,0.933,0,21,21,24,3,1,12,9,77
Damion Lee,SG,29,GSW,16,0,124,13,34,0.382,4,16,0.25,9,18,0.5,0.441,2,3,0.667,5,21,26,7,1,0,6,8,32
Kevon Looney,C,25,GSW,22,13,448,58,88,0.659,0,0,,58,88,0.659,0.659,11,18,0.611,63,105,168,48,9,10,19,50,127
Brook Lopez,C,33,MIL,12,12,332,50,102,0.49,6,28,0.214,44,74,0.595,0.52,21,23,0.913,27,44,71,8,6,18,11,33,127
Kyle Lowry,PG,35,MIA,10,10,295,25,86,0.291,13,54,0.241,12,32,0.375,0.366,15,19,0.789,3,33,36,47,12,7,19,29,78
Timothé Luwawu-Cabarrot,SF,26,ATL,4,0,22,2,4,0.5,1,3,0.333,1,1,1,0.625,0,0,,0,3,3,2,0,0,1,6,5
Boban Marjanović,C,33,DAL,3,0,6,1,4,0.25,0,0,,1,4,0.25,0.25,2,2,1,0,3,3,0,1,0,2,0,4
Naji Marshall,SF,24,NOP,6,0,56,7,10,0.7,0,0,,7,10,0.7,0.7,4,4,1,3,3,6,5,1,1,3,5,18
Caleb Martin,SF,26,MIA,17,0,209,32,80,0.4,10,33,0.303,22,47,0.468,0.463,2,6,0.333,12,25,37,5,10,2,10,17,76
Wesley Matthews,SG,35,MIL,12,12,345,25,64,0.391,18,45,0.4,7,19,0.368,0.531,6,9,0.667,9,28,37,14,9,3,6,27,74
Tyrese Maxey,PG,21,PHI,12,12,485,88,182,0.484,26,69,0.377,62,113,0.549,0.555,47,50,0.94,6,36,42,47,9,2,21,24,249
Skylar Mays,SG,24,ATL,2,0,9,1,1,1,0,0,,1,1,1,1,0,0,,0,1,1,1,1,0,0,1,2
CJ McCollum,SG,30,NOP,6,6,234,49,125,0.392,17,51,0.333,32,74,0.432,0.46,18,26,0.692,11,29,40,29,4,5,15,15,133
Jaden McDaniels,PF,21,MIN,6,0,130,18,34,0.529,10,20,0.5,8,14,0.571,0.676,10,12,0.833,5,12,17,4,2,11,6,18,56
JaVale McGee,C,34,PHO,12,0,133,35,50,0.7,0,1,0,35,49,0.714,0.7,11,13,0.846,16,32,48,7,3,5,9,27,81
Jordan McLaughlin,PG,25,MIN,5,0,83,12,17,0.706,4,7,0.571,8,10,0.8,0.824,3,4,0.75,0,12,12,17,5,0,2,5,31
De'Anthony Melton,SG,23,MEM,10,0,170,21,65,0.323,11,44,0.25,10,21,0.476,0.408,3,4,0.75,9,22,31,16,10,5,14,9,56
Khris Middleton,SF,30,MIL,2,2,72,10,24,0.417,6,14,0.429,4,10,0.4,0.542,3,3,1,1,9,10,14,3,0,11,6,29
Patty Mills,SG,33,BRK,4,0,72,9,16,0.563,7,13,0.538,2,3,0.667,0.781,0,0,,0,4,4,0,0,1,1,5,25
Paul Millsap,C,36,PHI,1,0,6,0,0,,0,0,,0,0,,,0,0,,0,1,1,1,0,0,0,1,0
Shake Milton,SG,25,PHI,12,0,158,18,38,0.474,8,15,0.533,10,23,0.435,0.579,16,20,0.8,4,15,19,11,6,3,5,13,60
Donovan Mitchell,SG,25,UTA,6,6,229,53,133,0.398,10,48,0.208,43,85,0.506,0.436,37,42,0.881,6,20,26,34,4,3,16,14,153
Greg Monroe,C,31,MIN,2,0,7,2,5,0.4,0,0,,2,5,0.4,0.4,0,0,,1,1,2,1,2,0,1,1,4
Moses Moody,SG,19,GSW,13,0,105,15,28,0.536,7,13,0.538,8,15,0.533,0.661,4,6,0.667,2,6,8,4,3,3,3,4,41
Ja Morant,PG,22,MEM,9,9,338,81,184,0.44,17,50,0.34,64,134,0.478,0.486,65,87,0.747,13,59,72,88,18,4,32,22,244
Juwan Morgan,PF,24,BOS,9,0,15,0,1,0,0,1,0,0,0,,0,1,2,0.5,2,1,3,0,0,0,0,1,1
Markieff Morris,PF,32,MIA,1,0,3,0,1,0,0,0,,0,1,0,0,0,0,,0,1,1,0,0,0,1,2,0
Monte Morris,PG,26,DEN,5,5,156,25,51,0.49,11,26,0.423,14,25,0.56,0.598,9,12,0.75,1,10,11,27,6,0,8,14,70
Trey Murphy III,SF,21,NOP,6,0,120,9,22,0.409,9,19,0.474,0,3,0,0.614,4,5,0.8,3,12,15,3,3,1,1,9,31
Svi Mykhailiuk,SF,24,TOR,3,0,5,0,2,0,0,2,0,0,0,,0,1,1,1,0,1,1,0,0,0,0,1,1
Larry Nance Jr.,PF,29,NOP,6,0,130,22,39,0.564,2,9,0.222,20,30,0.667,0.59,9,11,0.818,19,16,35,11,3,2,6,15,55
Aaron Nesmith,SF,22,BOS,15,0,52,4,17,0.235,1,11,0.091,3,6,0.5,0.265,3,4,0.75,4,11,15,3,2,4,1,6,12
Georges Niang,PF,28,PHI,12,0,198,20,48,0.417,16,43,0.372,4,5,0.8,0.583,2,2,1,4,14,18,11,3,0,7,30,58
Zeke Nnaji,PF,21,DEN,2,0,9,1,1,1,1,1,1,0,0,,1.5,0,0,,0,0,0,0,0,0,0,2,3
Jaylen Nowell,SG,22,MIN,1,0,12,3,10,0.3,0,5,0,3,5,0.6,0.3,0,0,,0,0,0,1,1,0,0,1,6
Frank Ntilikina,SG,23,DAL,12,0,125,8,24,0.333,6,20,0.3,2,4,0.5,0.458,1,1,1,2,10,12,9,8,1,6,19,23
Jordan Nwora,SF,23,MIL,8,0,20,2,9,0.222,0,4,0,2,5,0.4,0.222,0,2,0,0,3,3,2,0,0,0,0,4
Royce O'Neale,SF,28,UTA,6,6,188,14,35,0.4,7,25,0.28,7,10,0.7,0.5,2,2,1,6,28,34,9,3,1,3,16,37
Josh Okogie,SG,23,MIN,1,0,2,0,0,,0,0,,0,0,,,0,0,,0,0,0,0,0,0,0,0,0
Onyeka Okongwu,C,21,ATL,5,1,108,9,16,0.563,0,0,,9,16,0.563,0.563,8,10,0.8,11,16,27,2,4,4,4,19,26
Victor Oladipo,SG,29,MIA,15,1,368,50,136,0.368,17,62,0.274,33,74,0.446,0.43,42,53,0.792,4,47,51,31,19,4,25,29,159
Eric Paschall,PF,25,UTA,4,0,24,3,6,0.5,1,2,0.5,2,4,0.5,0.583,1,1,1,1,4,5,0,1,0,0,3,8
Chris Paul,PG,36,PHO,13,13,448,87,155,0.561,19,49,0.388,68,106,0.642,0.623,35,37,0.946,7,47,54,108,19,2,31,40,228
Cameron Payne,PG,27,PHO,13,0,172,22,74,0.297,5,30,0.167,17,44,0.386,0.331,5,6,0.833,2,18,20,27,7,1,13,25,54
Elfrid Payton,PG,27,PHO,2,0,8,2,3,0.667,0,0,,2,3,0.667,0.667,0,0,,0,0,0,3,0,0,0,0,4
Gary Payton II,SG,29,GSW,12,2,203,29,44,0.659,8,15,0.533,21,29,0.724,0.75,12,18,0.667,13,24,37,16,14,7,6,23,78
Jordan Poole,SG,22,GSW,22,5,606,129,254,0.508,50,128,0.391,79,126,0.627,0.606,65,71,0.915,10,52,62,83,17,8,53,62,373
Otto Porter Jr.,PF,28,GSW,19,3,371,38,77,0.494,19,47,0.404,19,30,0.633,0.617,7,9,0.778,12,53,65,34,17,6,12,34,102
Bobby Portis,C,26,MIL,12,5,298,48,115,0.417,14,47,0.298,34,68,0.5,0.478,17,22,0.773,25,95,120,9,5,3,16,26,127
Dwight Powell,C,30,DAL,18,18,249,22,35,0.629,0,2,0,22,33,0.667,0.629,14,23,0.609,17,30,47,4,3,6,9,40,58
Taurean Prince,PF,27,MIN,5,0,65,10,27,0.37,4,14,0.286,6,13,0.462,0.444,6,7,0.857,1,7,8,6,2,1,4,5,30
Payton Pritchard,PG,24,BOS,24,0,309,43,102,0.422,24,72,0.333,19,30,0.633,0.539,4,6,0.667,10,36,46,38,6,2,9,23,114
Paul Reed,C,22,PHI,12,0,140,19,36,0.528,2,3,0.667,17,33,0.515,0.556,4,7,0.571,22,24,46,10,9,6,9,29,44
Naz Reid,C,22,MIN,5,0,54,7,17,0.412,3,7,0.429,4,10,0.4,0.5,7,7,1,2,12,14,0,1,6,5,14,24
Austin Rivers,SG,29,DEN,5,0,108,8,18,0.444,4,12,0.333,4,6,0.667,0.556,1,1,1,0,3,3,6,7,1,4,15,21
Duncan Robinson,SG,27,MIA,13,0,159,25,57,0.439,18,47,0.383,7,10,0.7,0.596,5,6,0.833,2,21,23,5,4,1,3,22,73
D'Angelo Russell,PG,25,MIN,6,6,196,24,72,0.333,12,31,0.387,12,41,0.293,0.417,12,16,0.75,0,15,15,40,9,0,17,17,72
Landry Shamet,SG,24,PHO,12,0,192,19,48,0.396,9,26,0.346,10,22,0.455,0.49,5,7,0.714,3,17,20,15,6,0,7,10,52
Day'Ron Sharpe,PF,20,BRK,1,0,0,0,0,,0,0,,0,0,,,0,0,,0,0,0,0,0,0,0,0,0
Pascal Siakam,PF,27,TOR,6,6,260,51,107,0.477,4,17,0.235,47,90,0.522,0.495,31,36,0.861,8,35,43,35,7,6,13,24,137
Marcus Smart,PG,27,BOS,21,21,760,113,279,0.405,48,137,0.35,65,142,0.458,0.491,50,62,0.806,20,75,95,123,26,5,52,71,324
Jaden Springer,SG,19,PHI,5,0,13,3,6,0.5,0,1,0,3,5,0.6,0.5,0,0,,0,4,4,2,0,0,0,1,6
Nik Stauskas,SG,28,BOS,13,0,24,3,12,0.25,3,10,0.3,0,2,0,0.375,4,4,1,0,4,4,4,0,0,0,0,13
Max Strus,SF,25,MIA,18,18,523,68,182,0.374,47,142,0.331,21,40,0.525,0.503,13,18,0.722,15,58,73,38,14,8,20,55,196
Jayson Tatum,SF,23,BOS,24,24,983,201,472,0.426,77,196,0.393,124,276,0.449,0.507,136,170,0.8,24,137,161,148,29,21,100,72,615
Garrett Temple,SG,35,NOP,1,0,2,0,0,,0,0,,0,0,,,0,0,,0,1,1,0,0,0,0,0,0
Daniel Theis,C,29,BOS,16,5,200,30,51,0.588,3,14,0.214,27,37,0.73,0.618,6,8,0.75,13,39,52,11,4,8,11,25,69
Cam Thomas,SG,20,BRK,1,0,0,0,0,,0,0,,0,0,,,0,0,,0,0,0,0,0,0,0,0,0
Klay Thompson,SG,31,GSW,22,22,792,158,368,0.429,77,200,0.385,81,168,0.482,0.534,26,30,0.867,7,79,86,50,24,15,28,47,419
Tristan Thompson,PF,30,CHI,5,0,38,2,5,0.4,0,0,,2,5,0.4,0.4,0,0,,2,6,8,2,1,0,5,4,4
Matisse Thybulle,SG,24,PHI,9,0,137,11,24,0.458,4,14,0.286,7,10,0.7,0.542,1,3,0.333,2,7,9,4,7,7,2,15,27
Xavier Tillman Sr.,PF,23,MEM,9,6,139,18,25,0.72,1,2,0.5,17,23,0.739,0.74,3,6,0.5,13,17,30,6,6,1,10,16,40
Juan Toscano-Anderson,SF,28,GSW,14,0,49,4,10,0.4,2,5,0.4,2,5,0.4,0.5,1,3,0.333,0,10,10,8,2,1,8,3,11
Karl-Anthony Towns,C,26,MIN,6,6,222,39,80,0.488,10,22,0.455,29,58,0.5,0.55,43,50,0.86,11,54,65,13,4,12,27,25,131
Gary Trent Jr.,SG,23,TOR,6,6,199,31,82,0.378,13,39,0.333,18,43,0.419,0.457,17,19,0.895,1,9,10,8,6,3,3,11,92
P.J. Tucker,PF,36,MIA,18,18,509,54,109,0.495,23,51,0.451,31,58,0.534,0.601,11,16,0.688,35,67,102,32,14,5,13,50,142
Rayjon Tucker,SG,24,MIL,8,0,19,1,3,0.333,0,1,0,1,2,0.5,0.333,0,0,,1,2,3,0,0,0,0,2,2
Jonas Valančiūnas,C,29,NOP,6,6,175,33,68,0.485,1,6,0.167,32,62,0.516,0.493,20,26,0.769,33,53,86,18,4,1,12,17,87
Jarred Vanderbilt,PF,22,MIN,6,6,129,13,27,0.481,0,0,,13,27,0.481,0.481,7,10,0.7,12,31,43,4,7,2,5,16,33
Fred VanVleet,PG,27,TOR,4,4,140,19,54,0.352,12,36,0.333,7,18,0.389,0.463,5,6,0.833,2,10,12,25,7,4,4,12,55
Luca Vildoza,PG,26,MIL,7,0,17,2,6,0.333,1,5,0.2,1,1,1,0.417,0,0,,1,1,2,4,2,0,0,2,5
Gabe Vincent,PG,25,MIA,18,8,423,50,131,0.382,25,81,0.309,25,50,0.5,0.477,19,20,0.95,3,32,35,57,14,5,25,41,144
Nikola Vučević,C,31,CHI,5,5,181,40,91,0.44,13,42,0.31,27,49,0.551,0.511,4,5,0.8,14,48,62,16,2,6,8,14,97
Ish Wainright,PF,27,PHO,7,0,26,5,12,0.417,3,6,0.5,2,6,0.333,0.542,0,0,,7,4,11,1,1,1,3,2,13
Yuta Watanabe,SF,27,TOR,4,0,10,2,6,0.333,0,1,0,2,5,0.4,0.333,0,0,,0,0,0,0,0,0,1,0,4
Coby White,PG,21,CHI,5,0,98,15,45,0.333,8,29,0.276,7,16,0.438,0.422,4,5,0.8,0,17,17,9,1,0,6,5,42
Derrick White,SG,27,BOS,23,3,585,64,176,0.364,26,83,0.313,38,93,0.409,0.438,42,51,0.824,8,62,70,61,21,13,29,46,196
Hassan Whiteside,C,32,UTA,6,0,65,5,12,0.417,0,0,,5,12,0.417,0.417,1,4,0.25,8,23,31,0,2,8,0,9,11
Andrew Wiggins,SF,26,GSW,22,22,767,143,305,0.469,35,105,0.333,108,200,0.54,0.526,42,65,0.646,54,111,165,40,22,23,30,54,363
Grant Williams,PF,23,BOS,24,5,654,65,150,0.433,35,89,0.393,30,61,0.492,0.55,42,52,0.808,23,68,91,19,8,18,20,83,207
Patrick Williams,PF,20,CHI,5,5,153,22,47,0.468,7,21,0.333,15,26,0.577,0.543,8,11,0.727,6,21,27,4,5,3,7,15,59
Robert Williams,C,24,BOS,17,15,394,53,78,0.679,0,1,0,53,77,0.688,0.679,25,28,0.893,43,62,105,17,12,38,10,34,131
Ziaire Williams,SF,20,MEM,10,1,168,23,52,0.442,11,36,0.306,12,16,0.75,0.548,12,13,0.923,4,12,16,5,5,0,2,14,69
Delon Wright,SG,29,ATL,5,0,137,15,29,0.517,5,13,0.385,10,16,0.625,0.603,6,9,0.667,11,13,24,14,4,1,5,2,41
Thaddeus Young,PF,33,TOR,6,0,87,9,18,0.5,1,7,0.143,8,11,0.727,0.528,1,4,0.25,7,11,18,10,5,1,3,8,20
Trae Young,PG,23,ATL,5,5,186,22,69,0.319,7,38,0.184,15,31,0.484,0.37,26,33,0.788,5,20,25,30,3,0,31,13,77
Omer Yurtseven,C,23,MIA,9,0,38,12,18,0.667,0,2,0,12,16,0.75,0.667,1,3,0.333,1,6,7,3,0,1,0,2,25
